{
  "accuracy": [
    0.5347822308540344,
    0.6562750339508057,
    0.7124788165092468,
    0.7510465979576111,
    0.77732253074646
  ],
  "loss": [
    1.175908088684082,
    0.903374433517456,
    0.7583388090133667,
    0.6796033382415771,
    0.6068717241287231
  ],
  "val_accuracy": [
    0.6405414938926697,
    0.6918418407440186,
    0.7513359189033508,
    0.7399358749389648,
    0.794798731803894
  ],
  "val_loss": [
    0.9328382015228271,
    0.7988827228546143,
    0.694033682346344,
    0.7002782225608826,
    0.5966333150863647
  ]
}