{
  "accuracy": [
    0.5631067752838135,
    0.6667854189872742,
    0.725928544998169,
    0.773314356803894,
    0.8044891953468323
  ],
  "loss": [
    1.1385127305984497,
    0.8840856552124023,
    0.7420229315757751,
    0.6237984299659729,
    0.5322556495666504
  ],
  "val_accuracy": [
    0.6498040556907654,
    0.6932668089866638,
    0.7470608949661255,
    0.7356608510017395,
    0.7638047933578491
  ],
  "val_loss": [
    0.9310383200645447,
    0.8274675607681274,
    0.7120413780212402,
    0.7323657870292664,
    0.6912201046943665
  ]
}