{
  "accuracy": [
    0.6126302480697632
  ],
  "loss": [
    1.0124502182006836
  ],
  "val_accuracy": [
    0.7242607474327087
  ],
  "val_loss": [
    0.776153028011322
  ]
}