{
  "accuracy": [
    0.5937471985816956,
    0.6945755481719971,
    0.7407143712043762,
    0.769484281539917,
    0.8005700707435608
  ],
  "loss": [
    1.0617072582244873,
    0.8335508704185486,
    0.7090283632278442,
    0.6274263262748718,
    0.5517258048057556
  ],
  "val_accuracy": [
    0.6936230659484863,
    0.7271108031272888,
    0.7509797215461731,
    0.7402921319007874,
    0.7816174030303955
  ],
  "val_loss": [
    0.8320775032043457,
    0.7556185126304626,
    0.6875827312469482,
    0.7099883556365967,
    0.6466010808944702
  ]
}