{
  "accuracy": [
    0.5851963758468628,
    0.7151509523391724,
    0.7718001008033752,
    0.8092989921569824,
    0.8338826298713684
  ],
  "loss": [
    1.0655810832977295,
    0.7724111080169678,
    0.6339088082313538,
    0.5382376313209534,
    0.4598400592803955
  ],
  "val_accuracy": [
    0.702885627746582,
    0.7331671118736267,
    0.7898111939430237,
    0.7858924269676208,
    0.8029925227165222
  ],
  "val_loss": [
    0.7934274673461914,
    0.7222515344619751,
    0.6024599671363831,
    0.60787433385849,
    0.605258047580719
  ]
}