{
  "accuracy": [
    0.6150351762771606,
    0.740625262260437,
    0.7890799045562744,
    0.8275585770606995,
    0.8590006232261658
  ],
  "loss": [
    1.0140630006790161,
    0.7297949194908142,
    0.5849713087081909,
    0.4892655909061432,
    0.39280766248703003
  ],
  "val_accuracy": [
    0.7121481895446777,
    0.7516921758651733,
    0.7719985842704773,
    0.7648735046386719,
    0.7905237078666687
  ],
  "val_loss": [
    0.7943941950798035,
    0.699546217918396,
    0.6324613690376282,
    0.6457748413085938,
    0.6096910238265991
  ]
}