{
  "accuracy": [
    0.5500133633613586,
    0.6625100374221802,
    0.7225438952445984,
    0.756568968296051,
    0.7926427125930786
  ],
  "loss": [
    1.1430480480194092,
    0.8894606232643127,
    0.7459708452224731,
    0.6659436821937561,
    0.5816074013710022
  ],
  "val_accuracy": [
    0.6822230219841003,
    0.7114356756210327,
    0.7630922794342041,
    0.7556109428405762,
    0.8004987239837646
  ],
  "val_loss": [
    0.8653436303138733,
    0.7625510096549988,
    0.6732572317123413,
    0.6723554134368896,
    0.5887348651885986
  ]
}