{
  "accuracy": [
    0.585285484790802,
    0.7128351330757141,
    0.7731361985206604,
    0.8072503805160522,
    0.8366438150405884
  ],
  "loss": [
    1.0624072551727295,
    0.7724703550338745,
    0.6214739084243774,
    0.538109540939331,
    0.4549010694026947
  ],
  "val_accuracy": [
    0.6676166653633118,
    0.7449234127998352,
    0.7848236560821533,
    0.806911289691925,
    0.8094050884246826
  ],
  "val_loss": [
    0.8430452942848206,
    0.6714884638786316,
    0.6146703362464905,
    0.5585023760795593,
    0.5483075976371765
  ]
}