{
  "accuracy": [
    0.5970428586006165,
    0.7173777222633362,
    0.772512674331665,
    0.805647075176239,
    0.8275585770606995
  ],
  "loss": [
    1.0465456247329712,
    0.7657766938209534,
    0.625601589679718,
    0.5470551252365112,
    0.4778473675251007
  ],
  "val_accuracy": [
    0.6872105598449707,
    0.7442108988761902,
    0.7887424230575562,
    0.7862486839294434,
    0.8161738514900208
  ],
  "val_loss": [
    0.8144084811210632,
    0.7228929996490479,
    0.6056378483772278,
    0.6063783764839172,
    0.5302879810333252
  ]
}