{
  "accuracy": [
    0.5697871446609497,
    0.6648258566856384,
    0.7230783104896545,
    0.7585285305976868,
    0.7876547574996948
  ],
  "loss": [
    1.1019186973571777,
    0.8740399479866028,
    0.7424976229667664,
    0.6585703492164612,
    0.587207019329071
  ],
  "val_accuracy": [
    0.6594228744506836,
    0.6939793229103088,
    0.7392233610153198,
    0.7591735124588013,
    0.7841111421585083
  ],
  "val_loss": [
    0.8755210041999817,
    0.8036300539970398,
    0.7090525031089783,
    0.6755281090736389,
    0.6007392406463623
  ]
}