{
  "accuracy": [
    0.5705887675285339,
    0.686470091342926,
    0.7498886585235596,
    0.7936224937438965,
    0.8358421921730042
  ],
  "loss": [
    1.1008915901184082,
    0.8443226218223572,
    0.6828592419624329,
    0.5752451419830322,
    0.4672714173793793
  ],
  "val_accuracy": [
    0.6612041592597961,
    0.723904550075531,
    0.7598860263824463,
    0.7570359706878662,
    0.7727110981941223
  ],
  "val_loss": [
    0.8898248076438904,
    0.7567514777183533,
    0.6736876964569092,
    0.712343692779541,
    0.662635087966919
  ]
}