{
  "accuracy": [
    0.1666666716337204
  ],
  "loss": [
    1.814088225364685
  ],
  "val_accuracy": [
    0.1666666716337204
  ],
  "val_loss": [
    1.791943073272705
  ]
}