{
  "accuracy": [
    0.5981116890907288,
    0.7174668312072754,
    0.7727798819541931,
    0.8106350898742676,
    0.8465306758880615
  ],
  "loss": [
    1.0490390062332153,
    0.7736912965774536,
    0.6296234130859375,
    0.5292595624923706,
    0.445505827665329
  ],
  "val_accuracy": [
    0.7007481455802917,
    0.7178482413291931,
    0.7645173072814941,
    0.7762736082077026,
    0.7851799130439758
  ],
  "val_loss": [
    0.79979008436203,
    0.7428795695304871,
    0.6428585648536682,
    0.637671947479248,
    0.64447021484375
  ]
}