{
  "accuracy": [
    0.5604346394538879,
    0.6517324447631836,
    0.6992963552474976,
    0.7401798963546753,
    0.7823104858398438
  ],
  "loss": [
    1.1389925479888916,
    0.9195114970207214,
    0.8051452040672302,
    0.7061559557914734,
    0.606034517288208
  ],
  "val_accuracy": [
    0.6569291353225708,
    0.6993231177330017,
    0.723192036151886,
    0.7303170561790466,
    0.7456359267234802
  ],
  "val_loss": [
    0.9073230028152466,
    0.8250547647476196,
    0.7647730112075806,
    0.748418927192688,
    0.7187979817390442
  ]
}