{
  "accuracy": [
    0.5525073409080505,
    0.6399750709533691,
    0.6897657513618469,
    0.7296695709228516,
    0.7574597001075745
  ],
  "loss": [
    1.1472716331481934,
    0.941240131855011,
    0.820019543170929,
    0.7429949045181274,
    0.6723195910453796
  ],
  "val_accuracy": [
    0.6579978466033936,
    0.6875668168067932,
    0.721767008304596,
    0.7349483370780945,
    0.7509797215461731
  ],
  "val_loss": [
    0.9219653010368347,
    0.8440836668014526,
    0.7755927443504333,
    0.7404832243919373,
    0.6840865015983582
  ]
}