{
  "accuracy": [
    0.5801193714141846,
    0.7051750421524048,
    0.7612006664276123,
    0.7903268933296204,
    0.8228378295898438
  ],
  "loss": [
    1.072901964187622,
    0.8039125800132751,
    0.6572176814079285,
    0.5829144716262817,
    0.4961433410644531
  ],
  "val_accuracy": [
    0.6330602169036865,
    0.7545422315597534,
    0.7951549887657166,
    0.7908799648284912,
    0.794798731803894
  ],
  "val_loss": [
    0.9544966220855713,
    0.6893288493156433,
    0.6013451218605042,
    0.6103540658950806,
    0.5788263082504272
  ]
}