{
  "accuracy": [
    0.583236813545227,
    0.6891422271728516,
    0.7316291332244873,
    0.7646744251251221,
    0.7971853613853455
  ],
  "loss": [
    1.0956408977508545,
    0.8500767350196838,
    0.7359187602996826,
    0.6399135589599609,
    0.5570839643478394
  ],
  "val_accuracy": [
    0.6836480498313904,
    0.6679729223251343,
    0.748842179775238,
    0.737442135810852,
    0.7759173512458801
  ],
  "val_loss": [
    0.8406983613967896,
    0.8632492423057556,
    0.6882063150405884,
    0.7302809953689575,
    0.6567158102989197
  ]
}