{
  "accuracy": [
    0.5683619976043701,
    0.6997417211532593,
    0.7530952095985413,
    0.7945132255554199,
    0.8291618227958679
  ],
  "loss": [
    1.1070424318313599,
    0.8182558417320251,
    0.6735748052597046,
    0.5690147876739502,
    0.46941691637039185
  ],
  "val_accuracy": [
    0.6993231177330017,
    0.7331671118736267,
    0.7559671998023987,
    0.7662985324859619,
    0.7780548334121704
  ],
  "val_loss": [
    0.8388675451278687,
    0.755288302898407,
    0.6779304146766663,
    0.6723390221595764,
    0.6416770219802856
  ]
}