{
  "accuracy": [
    0.7555219531059265,
    0.8023687601089478,
    0.811149001121521,
    0.8157381415367126,
    0.8189981579780579,
    0.8214529752731323,
    0.8231290578842163,
    0.8246337175369263,
    0.8260947465896606,
    0.8274027109146118,
    0.8285959362983704,
    0.8297364115715027,
    0.8306809067726135,
    0.8315817713737488,
    0.8324511647224426,
    0.8332151770591736,
    0.8342300057411194,
    0.8350206017494202,
    0.8358221650123596
  ],
  "loss": [
    1.6372082233428955,
    1.0910025835037231,
    0.9932372570037842,
    0.937580406665802,
    0.901453971862793,
    0.8755305409431458,
    0.8552183508872986,
    0.8382246494293213,
    0.8235306143760681,
    0.8106281757354736,
    0.7991824746131897,
    0.7887160181999207,
    0.7792986035346985,
    0.7704246640205383,
    0.7623320817947388,
    0.754582405090332,
    0.7471871376037598,
    0.7402350306510925,
    0.7335613369941711
  ],
  "val_accuracy": [
    0.7914000153541565,
    0.8057474493980408,
    0.8113238215446472,
    0.8142095804214478,
    0.8163809180259705,
    0.8179996609687805,
    0.8189144134521484,
    0.8198188543319702,
    0.8204665780067444,
    0.821657121181488,
    0.8218285441398621,
    0.8215809464454651,
    0.8219144344329834,
    0.8219761848449707,
    0.8222523331642151,
    0.8223524689674377,
    0.8223283886909485,
    0.8223239183425903,
    0.8222095966339111
  ],
  "val_loss": [
    1.1804288625717163,
    1.037062168121338,
    0.971796989440918,
    0.9352951049804688,
    0.9119808673858643,
    0.8968686461448669,
    0.8853614330291748,
    0.8764002919197083,
    0.8691052794456482,
    0.8638313412666321,
    0.8596200346946716,
    0.8574120998382568,
    0.8549718856811523,
    0.853947639465332,
    0.8534979224205017,
    0.8524076342582703,
    0.8524223566055298,
    0.8530452847480774,
    0.8536829352378845
  ]
}