{
  "accuracy": [
    0.7708691954612732,
    0.8026182651519775,
    0.8088066577911377,
    0.814010500907898,
    0.8178279995918274,
    0.8201609253883362,
    0.8222957849502563,
    0.8241004347801208,
    0.8259524703025818,
    0.8277003765106201,
    0.8294150829315186,
    0.8310413360595703,
    0.8328136205673218,
    0.8348032832145691,
    0.8370041847229004
  ],
  "loss": [
    1.4211153984069824,
    1.049566388130188,
    0.973060667514801,
    0.9240633845329285,
    0.8881692886352539,
    0.8607128858566284,
    0.8373211622238159,
    0.8174505829811096,
    0.8000839948654175,
    0.7837005853652954,
    0.7685623168945312,
    0.7533252835273743,
    0.7381391525268555,
    0.7224793434143066,
    0.7063892483711243
  ],
  "val_accuracy": [
    0.7956379652023315,
    0.8041666746139526,
    0.809118926525116,
    0.8135570883750916,
    0.8162428736686707,
    0.8175427913665771,
    0.8184238076210022,
    0.8198143839836121,
    0.8206191658973694,
    0.8214619159698486,
    0.8213953375816345,
    0.8216904997825623,
    0.8214669227600098,
    0.8222095966339111,
    0.8220190405845642
  ],
  "val_loss": [
    1.1084548234939575,
    1.0139400959014893,
    0.9646011590957642,
    0.9265629649162292,
    0.9063233137130737,
    0.8901917934417725,
    0.8782313466072083,
    0.8713776469230652,
    0.8650748133659363,
    0.861460268497467,
    0.8603634834289551,
    0.858421802520752,
    0.8609094023704529,
    0.8625333905220032,
    0.8657530546188354
  ]
}