{
  "accuracy": [
    0.7741329073905945,
    0.8074458241462708,
    0.814661979675293,
    0.8192849159240723,
    0.8226100206375122,
    0.8251381516456604,
    0.8275111317634583,
    0.8295313119888306,
    0.8314427733421326,
    0.8336073756217957,
    0.8355822563171387,
    0.8376274108886719,
    0.8398706316947937
  ],
  "loss": [
    1.4034360647201538,
    1.0138412714004517,
    0.9372827410697937,
    0.8872805833816528,
    0.8504570126533508,
    0.8217720985412598,
    0.7977297306060791,
    0.7766530513763428,
    0.7571346163749695,
    0.7385901808738708,
    0.7207423448562622,
    0.702823281288147,
    0.685447633266449
  ],
  "val_accuracy": [
    0.8006142377853394,
    0.8093523979187012,
    0.8147569894790649,
    0.8179618716239929,
    0.8197760581970215,
    0.8213000297546387,
    0.8221428990364075,
    0.8230288028717041,
    0.8237430453300476,
    0.8237951397895813,
    0.8242285847663879,
    0.8237951397895813,
    0.8235811591148376
  ],
  "val_loss": [
    1.071967601776123,
    0.9815282225608826,
    0.9281286001205444,
    0.8974372148513794,
    0.8764829039573669,
    0.8623507618904114,
    0.8549021482467651,
    0.8491792678833008,
    0.8468456864356995,
    0.8448435664176941,
    0.8458495140075684,
    0.8494085073471069,
    0.8522984385490417
  ]
}