{
  "accuracy": [
    0.77144855260849,
    0.8059279918670654,
    0.8132613897323608,
    0.8177134990692139,
    0.8207215666770935,
    0.823354184627533,
    0.8258309364318848,
    0.827848494052887,
    0.8300362825393677,
    0.8323164582252502,
    0.8345557451248169,
    0.8370580077171326,
    0.839648425579071
  ],
  "loss": [
    1.4086114168167114,
    1.0152844190597534,
    0.9390677809715271,
    0.8937351703643799,
    0.859692394733429,
    0.8311647176742554,
    0.8067458868026733,
    0.7854617238044739,
    0.765333354473114,
    0.7458485960960388,
    0.726757287979126,
    0.7073184847831726,
    0.6878493428230286
  ],
  "val_accuracy": [
    0.7984235882759094,
    0.8080381751060486,
    0.8132525086402893,
    0.8158859014511108,
    0.8179333209991455,
    0.8196237087249756,
    0.8207380175590515,
    0.8211714029312134,
    0.8219333291053772,
    0.8224475383758545,
    0.8225427865982056,
    0.8226332068443298,
    0.8224571347236633
  ],
  "val_loss": [
    1.0818061828613281,
    0.9787939190864563,
    0.9335206747055054,
    0.9057780504226685,
    0.885928213596344,
    0.8718443512916565,
    0.8652175664901733,
    0.8569207787513733,
    0.8536332249641418,
    0.8535403609275818,
    0.8546162843704224,
    0.8552830815315247,
    0.8594796657562256
  ]
}