{
  "accuracy": [
    0.739285945892334,
    0.789554238319397,
    0.8009676337242126,
    0.8065547943115234,
    0.8110845685005188,
    0.8141432404518127,
    0.8163121938705444,
    0.8182781934738159,
    0.8198906183242798,
    0.8210915923118591,
    0.8222580552101135,
    0.8231899738311768,
    0.8243134617805481,
    0.8253421783447266,
    0.8261690139770508,
    0.8270187377929688,
    0.827655553817749,
    0.8283357620239258,
    0.8291108012199402,
    0.8296831250190735
  ],
  "loss": [
    1.7991472482681274,
    1.2185368537902832,
    1.0838955640792847,
    1.021265983581543,
    0.9766311049461365,
    0.9448771476745605,
    0.9200533032417297,
    0.8996143937110901,
    0.8824917674064636,
    0.868066668510437,
    0.8554913401603699,
    0.8444366455078125,
    0.8340563178062439,
    0.824756383895874,
    0.8163725733757019,
    0.808462381362915,
    0.8012446165084839,
    0.7943382859230042,
    0.7879253625869751,
    0.7817749977111816
  ],
  "val_accuracy": [
    0.7716951370239258,
    0.7939141988754272,
    0.8010571599006653,
    0.8069142699241638,
    0.8102665543556213,
    0.8122095465660095,
    0.8139382600784302,
    0.8155714273452759,
    0.8169094920158386,
    0.8170381188392639,
    0.8176381587982178,
    0.8192663788795471,
    0.8195667266845703,
    0.8200476765632629,
    0.820309579372406,
    0.8203666806221008,
    0.8207237124443054,
    0.8210093975067139,
    0.8212905526161194,
    0.821776270866394
  ],
  "val_loss": [
    1.3578563928604126,
    1.129372477531433,
    1.0573686361312866,
    1.00753915309906,
    0.9754238128662109,
    0.9516580104827881,
    0.9327638745307922,
    0.9182681441307068,
    0.905511736869812,
    0.8979954123497009,
    0.8919186592102051,
    0.8848065137863159,
    0.8798068165779114,
    0.8760311603546143,
    0.8718159198760986,
    0.8698379993438721,
    0.8675423860549927,
    0.8653998970985413,
    0.8642539978027344,
    0.8633465766906738
  ]
}