{
  "accuracy": [
    0.7311954498291016,
    0.7782764434814453,
    0.7920317053794861,
    0.7978079319000244,
    0.8003031015396118,
    0.8022702932357788,
    0.8042780160903931,
    0.806586742401123,
    0.8084582090377808,
    0.810317873954773,
    0.8121222257614136,
    0.8137123584747314,
    0.815021276473999,
    0.816072404384613,
    0.8169646263122559,
    0.818027675151825,
    0.8189974427223206,
    0.8198639154434204,
    0.8207711577415466,
    0.8217386603355408
  ],
  "loss": [
    1.8528938293457031,
    1.303995966911316,
    1.1623406410217285,
    1.1043765544891357,
    1.0706456899642944,
    1.0455195903778076,
    1.0225803852081299,
    0.9996974468231201,
    0.9798444509506226,
    0.9616016149520874,
    0.9443322420120239,
    0.9292463064193726,
    0.9156323671340942,
    0.9032253623008728,
    0.8922945857048035,
    0.8822802901268005,
    0.8731328248977661,
    0.8641372919082642,
    0.8557459115982056,
    0.8478039503097534
  ],
  "val_accuracy": [
    0.7661904692649841,
    0.7840046286582947,
    0.7930617928504944,
    0.7967954277992249,
    0.798957109451294,
    0.8001332879066467,
    0.8020285367965698,
    0.8046572208404541,
    0.806100070476532,
    0.8080714344978333,
    0.8096809387207031,
    0.8109524250030518,
    0.8122380375862122,
    0.8130238652229309,
    0.813514232635498,
    0.8145096898078918,
    0.8147854804992676,
    0.8154903650283813,
    0.8162856698036194,
    0.8168238997459412
  ],
  "val_loss": [
    1.394637107849121,
    1.2149341106414795,
    1.1347155570983887,
    1.0926861763000488,
    1.0673619508743286,
    1.0463529825210571,
    1.0264583826065063,
    1.006805419921875,
    0.9916436672210693,
    0.9758522510528564,
    0.9631641507148743,
    0.9532994031906128,
    0.9420567154884338,
    0.9332621097564697,
    0.9293731451034546,
    0.9204568266868591,
    0.9159473776817322,
    0.9112582802772522,
    0.905540943145752,
    0.903174877166748
  ]
}