{
  "accuracy": [
    0.7860909104347229,
    0.8145700097084045,
    0.8201574683189392,
    0.8234508633613586,
    0.8264203071594238,
    0.8289962410926819,
    0.8311744928359985,
    0.8335243463516235,
    0.8362151980400085,
    0.8387624621391296
  ],
  "loss": [
    1.296939492225647,
    0.949266254901886,
    0.8810014128684998,
    0.8388621807098389,
    0.8061123490333557,
    0.7792477011680603,
    0.7549065947532654,
    0.7319800853729248,
    0.7106109857559204,
    0.690079391002655
  ],
  "val_accuracy": [
    0.808033287525177,
    0.8150429725646973,
    0.8174856305122375,
    0.8194286227226257,
    0.8198808431625366,
    0.8199380040168762,
    0.8216189742088318,
    0.8215047717094421,
    0.8204284906387329,
    0.8193905353546143
  ],
  "val_loss": [
    1.0070009231567383,
    0.9277199506759644,
    0.8981909155845642,
    0.8838155269622803,
    0.8774720430374146,
    0.8765557408332825,
    0.8743963837623596,
    0.8764074444770813,
    0.8839827179908752,
    0.888925313949585
  ]
}