{
  "accuracy": [
    0.7714501023292542,
    0.8058327436447144,
    0.8134733438491821,
    0.8176334500312805,
    0.8211883306503296,
    0.8242342472076416,
    0.8266257047653198,
    0.8291975259780884,
    0.831592857837677,
    0.8336650133132935,
    0.8358308672904968
  ],
  "loss": [
    1.4089986085891724,
    1.0380138158798218,
    0.9543574452400208,
    0.9045493602752686,
    0.8651420474052429,
    0.8321873545646667,
    0.8042344450950623,
    0.7793553471565247,
    0.7566066384315491,
    0.7358323335647583,
    0.7158334851264954
  ],
  "val_accuracy": [
    0.7972855567932129,
    0.808828592300415,
    0.8137810230255127,
    0.8166475892066956,
    0.8184000253677368,
    0.8194188475608826,
    0.8198286294937134,
    0.820385754108429,
    0.8199525475502014,
    0.819304883480072,
    0.8196094632148743
  ],
  "val_loss": [
    1.1058721542358398,
    0.9988669157028198,
    0.9452759623527527,
    0.9189128875732422,
    0.9020044207572937,
    0.8894253969192505,
    0.886439859867096,
    0.8839758038520813,
    0.8850753903388977,
    0.8878574371337891,
    0.8957536220550537
  ]
}