{
  "accuracy": [
    0.7664250135421753,
    0.8015168905258179,
    0.807659387588501,
    0.8118456602096558,
    0.8153406381607056,
    0.8176839351654053,
    0.8196335434913635,
    0.8215023279190063,
    0.8230839967727661,
    0.8245389461517334,
    0.8261324167251587,
    0.8275148868560791,
    0.8284984827041626,
    0.8300456404685974
  ],
  "loss": [
    1.467956781387329,
    1.0790095329284668,
    1.0023137331008911,
    0.9562758207321167,
    0.9193284511566162,
    0.8915432691574097,
    0.8685961961746216,
    0.8478583693504333,
    0.829415500164032,
    0.8131715059280396,
    0.7970582842826843,
    0.7827726006507874,
    0.769540011882782,
    0.7561078071594238
  ],
  "val_accuracy": [
    0.7921667098999023,
    0.8024617433547974,
    0.8072332739830017,
    0.8100761771202087,
    0.8135906457901001,
    0.8149715065956116,
    0.8158666491508484,
    0.8172571063041687,
    0.8166810870170593,
    0.8182762265205383,
    0.8190666437149048,
    0.8171524405479431,
    0.8187094926834106,
    0.8188096880912781
  ],
  "val_loss": [
    1.1658058166503906,
    1.0404077768325806,
    0.9971717000007629,
    0.9583825469017029,
    0.9392109513282776,
    0.9234685301780701,
    0.9131212830543518,
    0.905408501625061,
    0.9047057628631592,
    0.899409294128418,
    0.8965752124786377,
    0.8966168761253357,
    0.898330569267273,
    0.8994227647781372
  ]
}