{
  "accuracy": [
    0.7757965922355652,
    0.8094504475593567,
    0.8151641488075256,
    0.8187272548675537,
    0.8213065266609192,
    0.8233171701431274,
    0.8250864148139954,
    0.8265541195869446,
    0.8278547525405884,
    0.8291274905204773,
    0.8303283452987671,
    0.831468939781189,
    0.8324357867240906,
    0.8333833813667297,
    0.8341824412345886
  ],
  "loss": [
    1.4949291944503784,
    1.0141353607177734,
    0.9450466632843018,
    0.9037026762962341,
    0.8739124536514282,
    0.8514599800109863,
    0.8330361843109131,
    0.8177420496940613,
    0.8044073581695557,
    0.7923617362976074,
    0.7812188863754272,
    0.7713721394538879,
    0.7620779871940613,
    0.7534081339836121,
    0.7456042766571045
  ],
  "val_accuracy": [
    0.8022714257240295,
    0.8104616403579712,
    0.8138380646705627,
    0.8165810108184814,
    0.8179617524147034,
    0.8191476464271545,
    0.8191952705383301,
    0.8199664950370789,
    0.8207476735115051,
    0.8210191130638123,
    0.8207334280014038,
    0.8215572237968445,
    0.8210617899894714,
    0.8206808567047119,
    0.8209856152534485
  ],
  "val_loss": [
    1.0728931427001953,
    0.9822916984558105,
    0.9398684501647949,
    0.9139803647994995,
    0.8978277444839478,
    0.8874915838241577,
    0.8798396587371826,
    0.8756263852119446,
    0.871870219707489,
    0.8688920736312866,
    0.8689148426055908,
    0.8684777617454529,
    0.8691396713256836,
    0.8696861267089844,
    0.8710304498672485
  ]
}