{
  "accuracy": [
    0.7565511465072632,
    0.8050336837768555,
    0.8120655417442322,
    0.8163949251174927,
    0.819509744644165,
    0.8218125104904175,
    0.8239755630493164,
    0.8254008889198303,
    0.8268588185310364,
    0.8282505869865417,
    0.8295484781265259,
    0.830718994140625,
    0.8318778276443481,
    0.8330219388008118,
    0.8342006802558899
  ],
  "loss": [
    1.666898250579834,
    1.0547945499420166,
    0.9735122323036194,
    0.9275920987129211,
    0.8951080441474915,
    0.8705417513847351,
    0.8506076335906982,
    0.8340639472007751,
    0.8194116353988647,
    0.8068127632141113,
    0.7950698137283325,
    0.7841445207595825,
    0.7741269469261169,
    0.7644501328468323,
    0.7552660703659058
  ],
  "val_accuracy": [
    0.7934094667434692,
    0.8061713576316833,
    0.8118523359298706,
    0.8146095871925354,
    0.8158382177352905,
    0.8179904222488403,
    0.8188856244087219,
    0.8187904357910156,
    0.8189048171043396,
    0.8196857571601868,
    0.8191810250282288,
    0.8198189735412598,
    0.8195048570632935,
    0.8194285035133362,
    0.8192761540412903
  ],
  "val_loss": [
    1.13271164894104,
    1.012170672416687,
    0.9633165001869202,
    0.9348320364952087,
    0.914195716381073,
    0.9002934694290161,
    0.8916722536087036,
    0.8859180808067322,
    0.8836085796356201,
    0.8811141848564148,
    0.879704475402832,
    0.8794940710067749,
    0.8799060583114624,
    0.8821520805358887,
    0.8826148509979248
  ]
}