{
  "accuracy": [
    0.7614556550979614,
    0.8069680333137512,
    0.8136649131774902,
    0.8177943825721741,
    0.8208059668540955,
    0.8231309056282043,
    0.82515949010849,
    0.8268033266067505,
    0.8281269073486328,
    0.8294059038162231,
    0.8307647705078125,
    0.8320446014404297,
    0.8332883715629578,
    0.8344075083732605,
    0.8354519605636597
  ],
  "loss": [
    1.6275187730789185,
    1.0333894491195679,
    0.9585287570953369,
    0.913665771484375,
    0.8811461329460144,
    0.8571460843086243,
    0.8377323746681213,
    0.8214790225028992,
    0.8074336647987366,
    0.7947806119918823,
    0.7833647131919861,
    0.7723965048789978,
    0.76243656873703,
    0.7531289458274841,
    0.7442285418510437
  ],
  "val_accuracy": [
    0.7985048294067383,
    0.8085380792617798,
    0.8133666515350342,
    0.8157286047935486,
    0.8175379633903503,
    0.8189714550971985,
    0.8193572163581848,
    0.819852352142334,
    0.8203761577606201,
    0.8206571340560913,
    0.8214240074157715,
    0.8208048939704895,
    0.8208760619163513,
    0.8204857707023621,
    0.8203238248825073
  ],
  "val_loss": [
    1.1011149883270264,
    0.9951332211494446,
    0.9488280415534973,
    0.9206050038337708,
    0.9043297171592712,
    0.8909724354743958,
    0.8849973678588867,
    0.880109965801239,
    0.8775843977928162,
    0.873522937297821,
    0.8730037808418274,
    0.8729462027549744,
    0.8733482360839844,
    0.8743497133255005,
    0.8766996264457703
  ]
}